division,region,area,branch
Central East Division,Dhaka South Region,Basabo Area,Shonirakhra Branch
Central East Division,Dhaka South Region,Basabo Area,Ashkona Branch
Central East Division,Dhaka South Region,Basabo Area,Badda Branch
Central East Division,Dhaka South Region,Basabo Area,Basabo Branch
Central East Division,Dhaka South Region,Mohammadpur Area,Mirpur Branch
Central East Division,Dhaka South Region,Mohammadpur Area,Mohammadpur Urban Branch
Central East Division,Dhaka South Region,Mohammadpur Area,Savar Branch
Central East Division,Dhaka South Region,Mohammadpur Area,Mohammadpur Mahila Branch
Central East Division,Dhaka South Region,Mohammadpur Area,Agargaon Branch
Central East Division,Dhaka South Region,Mohammadpur Area,Ruhitpur Branch
Central East Division,Dhaka South Region,Munshiganj Area,Munshiganj Sadar Branch
Central East Division,Dhaka South Region,Munshiganj Area,Sirajdikhan Branch
Central East Division,Dhaka South Region,Munshiganj Area,Baligaon Branch
Central East Division,Dhaka South Region,Munshiganj Area,Sreenagar Branch
Central East Division,Dhaka South Region,Munshiganj Area,Hashara Branch
Central East Division,Dhaka South Region,Narayanganj,Narayanganj Sadar Branch
Central East Division,Dhaka South Region,Narayanganj,Sonargaon Branch
Central East Division,Dhaka South Region,Narayanganj,Vulta (Gausia) Branch
Central East Division,Dhaka South Region,Narayanganj,Araihazar Branch
Central East Division,Dhaka South Region,Kawranbazar,Karwan Bazar Branch
Central East Division,Dhaka South Region,Kawranbazar,Kamrangirchar Branch
Central East Division,Dhaka South Region,Kawranbazar,Keraniganj Branch
Eastern Division,Chattogram North Region,Chattogram Area,Chandgaon Branch
Eastern Division,Chattogram North Region,Chattogram Area,Lalkhan Bazar Branch
Eastern Division,Chattogram North Region,Chattogram Area,Bandartila Branch
Eastern Division,Chattogram North Region,Chattogram Area,Halishahar Branch
Eastern Division,Chattogram North Region,Chattogram Area,Kotwali Branch
Eastern Division,Chattogram North Region,Chattogram Area,Patenga Branch
Eastern Division,Chattogram North Region,Shitakunda Area,Sitakunda Branch
Eastern Division,Chattogram North Region,Shitakunda Area,Mirsharai Branch
Eastern Division,Chattogram North Region,Shitakunda Area,Baraiyarhat Branch
Eastern Division,Chattogram North Region,Shitakunda Area,Bhatiary Branch
Eastern Division,Chattogram North Region,Shitakunda Area,Kumira Branch
Eastern Division,Chattogram North Region,Shitakunda Area,Jorarganj Branch
Eastern Division,Chattogram North Region,Rangunia Area,Isakhali Branch
Eastern Division,Chattogram North Region,Rangunia Area,Shilok Branch
Eastern Division,Chattogram North Region,Rangunia Area,Hosnabad Branch
Eastern Division,Chattogram North Region,Rangunia Area,Rajarhat Branch
Eastern Division,Chattogram North Region,Rangunia Area,Bangalhalia Branch
Eastern Division,Chattogram North Region,Hathazari Area,Hathazari Branch
Eastern Division,Chattogram North Region,Hathazari Area,Najomiarhat Branch
Eastern Division,Chattogram North Region,Hathazari Area,Raozan Branch
Eastern Division,Chattogram North Region,Hathazari Area,Baluchara Branch
Northern Division,Rangpur Region,Rangpur Area,Rangpur Sadar Branch
Northern Division,Rangpur Region,Rangpur Area,C.O Bazar Branch
Northern Division,Rangpur Region,Rangpur Area,Paura Bazar Branch
Northern Division,Rangpur Region,Rangpur Area,Shathibari Branch
Northern Division,Rangpur Region,Rangpur Area,Ghagot Branch
Northern Division,Rangpur Region,Patgram Area,Patgram Branch
Northern Division,Rangpur Region,Patgram Area,Burimari Branch
Northern Division,Rangpur Region,Patgram Area,Dahagram Branch
Northern Division,Rangpur Region,Patgram Area,Jagatber Branch
Northern Division,Rangpur Region,Patgram Area,Baura Bazar Branch
Northern Division,Rangpur Region,Palashbari Area,Ghoraghat Branch
Northern Division,Rangpur Region,Palashbari Area,Gaibandha Sadar branch
Northern Division,Rangpur Region,Palashbari Area,Gobindaganj Branch
Northern Division,Rangpur Region,Palashbari Area,Bhaduria Branch
Northern Division,Rangpur Region,Palashbari Area,Tulsi Ghat Branch
Northern Division,Rangpur Region,Palashbari Area,Palashbari Branch
Northern Division,Rangpur Region,Taraganj Area,Kishoregonj Branch
Northern Division,Rangpur Region,Taraganj Area,Taraganj Branch
Northern Division,Rangpur Region,Taraganj Area,Ekarchali Branch
Northern Division,Rangpur Region,Taraganj Area,Garagram Branch
Northern Division,Rangpur Region,Haragach,Menaz Bazar Branch
Northern Division,Rangpur Region,Haragach,Gangachara Branch
Northern Division,Rangpur Region,Haragach,Kaunia Branch
Northern Division,Rangpur Region,Haragach,Haragach Branch
South Western Division,Barishal Region,Barishal Area,Barishal Sadar Branch
South Western Division,Barishal Region,Barishal Area,Jhalakati Sadar Branch
South Western Division,Barishal Region,Barishal Area,Hizla Branch
South Western Division,Barishal Region,Barishal Area,Muladi Branch
South Western Division,Barishal Region,Barishal Area,Mehendiganj Branch
South Western Division,Barishal Region,Gournadi Area,Agailjhara Branch
South Western Division,Barishal Region,Gournadi Area,Kalkini Branch
South Western Division,Barishal Region,Gournadi Area,Gournadi Branch
South Western Division,Barishal Region,Gournadi Area,Madaripur Sadar Branch
South Western Division,Barishal Region,Gournadi Area,Dhamura Branch
South Western Division,Barishal Region,Gournadi Area,Harta Branch
South Western Division,Barishal Region,Gournadi Area,Wazirpur Branch
South Western Division,Barishal Region,Nesarabad Area,Baithakata Branch
South Western Division,Barishal Region,Nesarabad Area,Nesarabad Branch
South Western Division,Barishal Region,Nesarabad Area,Guthia Branch
South Western Division,Barishal Region,Nesarabad Area,Swarupkathi Branch
South Western Division,Barishal Region,Nesarabad Area,Nazirpur Branch
South Western Division,Barishal Region,Nesarabad Area,Bisharkandi Branch
South Western Division,Barishal Region,Shariatpur,Bhedarganj Branch
South Western Division,Barishal Region,Shariatpur,Naria Branch
South Western Division,Barishal Region,Shariatpur,Shariatpur Sadar Branch
South Western Division,Barishal Region,Shariatpur,Damudya Branch
South Western Division,Jashore Region,Jashore Area,Jashore Sadar Branch
South Western Division,Jashore Region,Jashore Area,Shalikha Branch
South Western Division,Jashore Region,Jashore Area,Seemakhali Branch
South Western Division,Jashore Region,Jashore Area,Manirampur Branch
South Western Division,Jashore Region,Jashore Area,Bagherpara Branch
South Western Division,Jashore Region,Jhenaidah Area,Jhenaidah Sadar Branch
South Western Division,Jashore Region,Jhenaidah Area,Shailkupa Branch
South Western Division,Jashore Region,Jhenaidah Area,Horinakundu Branch
South Western Division,Jashore Region,Jhenaidah Area,Sheikhpara Branch
South Western Division,Jashore Region,Khulna Area,Abhoynagar Branch
South Western Division,Jashore Region,Khulna Area,Keshabpur Branch
South Western Division,Jashore Region,Khulna Area,Khulna Sadar Branch
South Western Division,Jashore Region,Khulna Area,Nirala Branch
South Western Division,Jashore Region,Khulna Area,Dumuria Branch
South Western Division,Jashore Region,Jhikorgasa,Jhikargacha Branch
South Western Division,Jashore Region,Jhikorgasa,Chougachha Branch
South Western Division,Jashore Region,Jhikorgasa,Godkhali Branch
South Western Division,Jashore Region,Jhikorgasa,Bagachra Branch
South Western Division,Jashore Region,Jhikorgasa,Sharsha Branch
South Western Division,Jashore Region,Kaligonj,Barabazar Branch
South Western Division,Jashore Region,Kaligonj,Kaliganj Branch
South Western Division,Jashore Region,Kaligonj,Maheshpur Branch
South Western Division,Jashore Region,Kaligonj,Kotchandpur Branch
Eastern Division,B-Baria Region,Brahmanbaria Area,Brahmanbaria Sadar Branch
Eastern Division,B-Baria Region,Brahmanbaria Area,Nandanpur Branch
Eastern Division,B-Baria Region,Brahmanbaria Area,Baishmouza Branch
Eastern Division,B-Baria Region,Brahmanbaria Area,Lalpur Branch
Eastern Division,B-Baria Region,Brahmanbaria Area,Chandura Branch
Eastern Division,B-Baria Region,Habiganj Area,Habiganj Sadar Branch
Eastern Division,B-Baria Region,Habiganj Area,Nabiganj Branch
Eastern Division,B-Baria Region,Habiganj Area,Sreemangal Branch
Eastern Division,B-Baria Region,Habiganj Area,Madhabpur Branch
Eastern Division,B-Baria Region,Habiganj Area,Chowmuhani Branch
Eastern Division,B-Baria Region,Sunamganj Area,Sunamganj Sadar Branch
Eastern Division,B-Baria Region,Sunamganj Area,Jamalganj Branch
Eastern Division,B-Baria Region,Sunamganj Area,Surma Branch
Eastern Division,B-Baria Region,Sunamganj Area,Shantiganj Branch
Eastern Division,B-Baria Region,Bancharampur Area,Banchharampur Branch
Eastern Division,B-Baria Region,Bancharampur Area,Salimganj Branch
Eastern Division,B-Baria Region,Bancharampur Area,Rupasdi Branch
Eastern Division,B-Baria Region,Bancharampur Area,Bangura Branch
Eastern Division,B-Baria Region,Bancharampur Area,Nabinagar Branch
Eastern Division,B-Baria Region,Bancharampur Area,Dhariarchar Branch
Eastern Division,B-Baria Region,Ashuganj Area,Ashuganj Branch
Eastern Division,B-Baria Region,Ashuganj Area,Panishwar Branch
Eastern Division,B-Baria Region,Ashuganj Area,Nasirnagar Branch
Eastern Division,B-Baria Region,Ashuganj Area,Chatalpar Branch
Eastern Division,B-Baria Region,Ashuganj Area,Sarail Branch
Eastern Division,B-Baria Region,Sylhet Area,Chhatak Branch
Eastern Division,B-Baria Region,Sylhet Area,Jagannathpur Branch
Eastern Division,B-Baria Region,Sylhet Area,Sylhet Sadar Branch
Eastern Division,B-Baria Region,Sylhet Area,Dasher Bazar Branch
Eastern Division,B-Baria Region,Sylhet Area,Dakkhin Surma Branch
Eastern Division,B-Baria Region,Sylhet Area,Jalalabad Branch
Eastern Division,B-Baria Region,Tantor,Tantor Branch
Eastern Division,B-Baria Region,Tantor,Bijoynagar Branch
Eastern Division,B-Baria Region,Tantor,Sultanpur Branch
Eastern Division,B-Baria Region,Tantor,Kasba Branch
Eastern Division,B-Baria Region,Tantor,Akhaura Branch
Northern Division,Rajshahi Region,Rajshahi Area,Rajshahi Sadar Branch
Northern Division,Rajshahi Region,Rajshahi Area,Nowhata Branch
Northern Division,Rajshahi Region,Rajshahi Area,Hargram Branch
Northern Division,Rajshahi Region,Rajshahi Area,Darusha Branch
Northern Division,Rajshahi Region,Rajshahi Area,Katakhali Branch
Northern Division,Rajshahi Region,Puthia Area,Puthia Branch
Northern Division,Rajshahi Region,Puthia Area,Charghat Branch
Northern Division,Rajshahi Region,Puthia Area,Baneshwar Branch
Northern Division,Rajshahi Region,Puthia Area,Bagha Branch
Northern Division,Rajshahi Region,Chapainawabganj Area,Chapainawabganj Sadar Branch
Northern Division,Rajshahi Region,Chapainawabganj Area,Baliadanga Branch
Northern Division,Rajshahi Region,Chapainawabganj Area,Shibganj Branch
Northern Division,Rajshahi Region,Chapainawabganj Area,Bholahat Branch
Northern Division,Rajshahi Region,Chapainawabganj Area,Rahanpur Branch
Northern Division,Rajshahi Region,Taherpur Area,Mollapara Branch
Northern Division,Rajshahi Region,Taherpur Area,Keshorhat Branch
Northern Division,Rajshahi Region,Taherpur Area,Taherpur Branch
Northern Division,Rajshahi Region,Taherpur Area,Bhabaniganj Branch
Northern Division,Rajshahi Region,Taherpur Area,Durgapur Branch
Northern Division,Rajshahi Region,Natore,Gurudaspur Branch
Northern Division,Rajshahi Region,Natore,Singra Branch
Northern Division,Rajshahi Region,Natore,Natore Sadar Branch
Northern Division,Rajshahi Region,Natore,Lalpur Branch
Northern Division,Rajshahi Region,Natore,Bonpara Branch
Central East Division,Mymensingh Region,Mymensingh Area,Mymensingh Sadar Branch
Central East Division,Mymensingh Region,Mymensingh Area,Muktagacha Branch
Central East Division,Mymensingh Region,Mymensingh Area,Dapunia Branch
Central East Division,Mymensingh Region,Mymensingh Area,Balipara Branch
Central East Division,Mymensingh Region,Mymensingh Area,Khagdahar Branch
Central East Division,Mymensingh Region,Mymensingh Area,Dapunia Bazar Branch
Central East Division,Mymensingh Region,Gafargaon Area,Gafargaon Branch
Central East Division,Mymensingh Region,Gafargaon Area,Gayeshpur Branch
Central East Division,Mymensingh Region,Gafargaon Area,Kandipara Branch
Central East Division,Mymensingh Region,Gafargaon Area,Kaoraid Branch
Central East Division,Mymensingh Region,Gafargaon Area,Pagla Branch
Central East Division,Mymensingh Region,Gafargaon Area,Saltia Branch
Central East Division,Mymensingh Region,Rajibpur Area,Rowmari Branch
Central East Division,Mymensingh Region,Rajibpur Area,Rajibpur Branch
Central East Division,Mymensingh Region,Jamalpur Area,Sarishabari Branch
Central East Division,Mymensingh Region,Jamalpur Area,Jamalpur Sadar Branch
Central East Division,Mymensingh Region,Jamalpur Area,Tarakandi Branch
Central East Division,Mymensingh Region,Jamalpur Area,Nandina Branch
Central East Division,Mymensingh Region,Jamalpur Area,Sherpur Sadar Branch
Central East Division,Mymensingh Region,Jamalpur Area,Chandra Branch
Central East Division,Mymensingh Region,Bhaluka Area,Batajor Branch
Central East Division,Mymensingh Region,Bhaluka Area,Square Masterbari Branch
Central East Division,Mymensingh Region,Bhaluka Area,Bhaluka Branch
Central East Division,Mymensingh Region,Bhaluka Area,Shibganj Branch
Central East Division,Mymensingh Region,Bhaluka Area,Angargara Branch
Central East Division,Mymensingh Region,Bhaluka Area,Shantiganj Branch
Northern Division,Dinajpur Region,Birampur Area,Fulbari Branch
Northern Division,Dinajpur Region,Birampur Area,Birampur Branch
Northern Division,Dinajpur Region,Birampur Area,Hakimpur Branch
Northern Division,Dinajpur Region,Birampur Area,Nawabganj Branch
Northern Division,Dinajpur Region,Birampur Area,Ketrahat Branch
Northern Division,Dinajpur Region,Dinajpur Area,Dinajpur Sadar Branch
Northern Division,Dinajpur Region,Dinajpur Area,Birol Branch
Northern Division,Dinajpur Region,Dinajpur Area,Chirirbandar Branch
Northern Division,Dinajpur Region,Dinajpur Area,Ambari Branch
Northern Division,Dinajpur Region,Dinajpur Area,Kamalpur Branch
Northern Division,Dinajpur Region,Saidpur Area,Saidpur Branch
Northern Division,Dinajpur Region,Saidpur Area,Parbatipur Branch
Northern Division,Dinajpur Region,Saidpur Area,Nilphamari Sadar Branch
Northern Division,Dinajpur Region,Saidpur Area,Ranirbandar Branch
Northern Division,Dinajpur Region,Saidpur Area,Kazirhat Branch
Northern Division,Dinajpur Region,Saidpur Area,Banglabazar Branch
Northern Division,Dinajpur Region,Birganj Area,Birganj Branch
Northern Division,Dinajpur Region,Birganj Area,kaharol Branch
Northern Division,Dinajpur Region,Birganj Area,Dashmile Branch
Northern Division,Dinajpur Region,Birganj Area,Thakurgaon Sadar Branch
Northern Division,Dinajpur Region,Birganj Area,Kabirajhat Branch
South Western Division,Patuakhali Region,Patuakhali,Patuakhali Sadar Branch
South Western Division,Patuakhali Region,Patuakhali,Mirzaganj Branch
South Western Division,Patuakhali Region,Patuakhali,Betagi Branch
South Western Division,Patuakhali Region,Patuakhali,Dumki Branch
South Western Division,Patuakhali Region,Patuakhali,Bakerganj Branch
South Western Division,Patuakhali Region,Patuakhali,Hetalia Branch
South Western Division,Patuakhali Region,Amtoli,Kalapara Branch
South Western Division,Patuakhali Region,Amtoli,Amtali Branch
South Western Division,Patuakhali Region,Amtoli,Kuakata Branch
South Western Division,Patuakhali Region,Amtoli,Barguna Sadar Branch
South Western Division,Patuakhali Region,Amtoli,Gazipur Branch
South Western Division,Patuakhali Region,Amtoli,Gowrichhanna Branch
South Western Division,Patuakhali Region,Dashmina,Ulania Branch
South Western Division,Patuakhali Region,Dashmina,Dashmina Branch
South Western Division,Patuakhali Region,Dashmina,Bauphal Branch
South Western Division,Patuakhali Region,Dashmina,Galachipa Branch
South Western Division,Patuakhali Region,Dashmina,Kalisuri Branch
South Western Division,Bhola Region,Bhola,Bhola Sadar Branch
South Western Division,Bhola Region,Bhola,Ilisha Bazar Branch
South Western Division,Bhola Region,Bhola,Doulatkhan Branch
South Western Division,Bhola Region,Bhola,Bankerhat Branch
South Western Division,Bhola Region,Bhola,Banglabazar Branch
South Western Division,Bhola Region,Bhola,Ghuingerhat Branch
South Western Division,Bhola Region,Bhola,Madrasahbazar Branch
South Western Division,Bhola Region,Kunjerhat Area,Lalmohan Branch
South Western Division,Bhola Region,Kunjerhat Area,Kunjerhat Branch
South Western Division,Bhola Region,Kunjerhat Area,Hariganj Branch
South Western Division,Bhola Region,Kunjerhat Area,Udaipur Branch
South Western Division,Bhola Region,Kunjerhat Area,Borhanuddin Branch
South Western Division,Bhola Region,Kunjerhat Area,Khayerhat Branch
South Western Division,Bhola Region,Kunjerhat Area,Helipad Branch
South Western Division,Bhola Region,Kunjerhat Area,Westernpara Branch
South Western Division,Bhola Region,Charfasion,Anjurhat Branch
South Western Division,Bhola Region,Charfasion,Charfesson Branch
South Western Division,Bhola Region,Charfasion,Gazaria Branch
South Western Division,Bhola Region,Charfasion,Dularhat Branch
South Western Division,Bhola Region,Charfasion,Shashibhushan Branch
Eastern Division,Chattogram South Region,Cox's Bazar Area,Ramu Branch
Eastern Division,Chattogram South Region,Cox's Bazar Area,Cox'sbazar Sadar Branch
Eastern Division,Chattogram South Region,Cox's Bazar Area,Eidgaon Branch
Eastern Division,Chattogram South Region,Cox's Bazar Area,Ukhiya Branch
Eastern Division,Chattogram South Region,Cox's Bazar Area,Joarianala Branch
Eastern Division,Chattogram South Region,Cox's Bazar Area,Link Road Branch
Eastern Division,Chattogram South Region,Satkania Area,Bandarban Sadar Branch
Eastern Division,Chattogram South Region,Satkania Area,Keranihat Branch
Eastern Division,Chattogram South Region,Satkania Area,Lohagara Branch
Eastern Division,Chattogram South Region,Satkania Area,Chandanaish Branch
Eastern Division,Chattogram South Region,Satkania Area,Satkania Branch
Eastern Division,Chattogram South Region,Anwara Area,Karnaphuli Branch
Eastern Division,Chattogram South Region,Anwara Area,Patiya Branch
Eastern Division,Chattogram South Region,Anwara Area,Anowara Branch
Eastern Division,Chattogram South Region,Anwara Area,Boalkhali Branch
Eastern Division,Chattogram South Region,Anwara Area,Gunagari Branch
Eastern Division,Chattogram South Region,Pekua Area,Dulahazara Branch
Eastern Division,Chattogram South Region,Pekua Area,Chakaria Branch
Eastern Division,Chattogram South Region,Pekua Area,Pekua Branch
Eastern Division,Chattogram South Region,Pekua Area,Shekherkhil Branch
Eastern Division,Chattogram South Region,Pekua Area,Banshkhali Branch
South Western Division,Faridpur Region,Gopalganj,Malikhali Branch
South Western Division,Faridpur Region,Gopalganj,Gopalganj Sadar Branch
South Western Division,Faridpur Region,Gopalganj,Kashiani Branch
South Western Division,Faridpur Region,Gopalganj,Kotalipara Branch
South Western Division,Faridpur Region,Gopalganj,Tungipara Branch
South Western Division,Faridpur Region,Gopalganj,Tarashi Branch
South Western Division,Faridpur Region,Magura,Magura Sadar Branch
South Western Division,Faridpur Region,Magura,Sreepur Branch
South Western Division,Faridpur Region,Magura,Mohammadpur Branch
South Western Division,Faridpur Region,Magura,Pangsha Branch
South Western Division,Faridpur Region,Magura,Madhukhali Branch
South Western Division,Faridpur Region,Faridpur,Kanaipur Branch
South Western Division,Faridpur Region,Faridpur,Chandpur Branch
South Western Division,Faridpur Region,Faridpur,Faridpur Sadar Branch
South Western Division,Faridpur Region,Faridpur,Charbhadrasan Branch
South Western Division,Faridpur Region,Faridpur,Rajbari Sadar Branch
South Western Division,Faridpur Region,Vanga,Rajoir Branch
South Western Division,Faridpur Region,Vanga,Bhanga Branch
South Western Division,Faridpur Region,Vanga,Sadarpur Branch
South Western Division,Faridpur Region,Vanga,Tekerhat Branch
South Western Division,Faridpur Region,Vanga,Muksudpur Branch
Northern Division,Bogura Region,Bogura Area,Kahaloo Branch
Northern Division,Bogura Region,Bogura Area,Bogura Sadar Branch
Northern Division,Bogura Region,Bogura Area,Shibganj Branch
Northern Division,Bogura Region,Bogura Area,Adamdighi Branch
Northern Division,Bogura Region,Bogura Area,Dupchanchia Branch
Northern Division,Bogura Region,Naogaon Area,Naogaon Sadar Branch
Northern Division,Bogura Region,Naogaon Area,Manda Branch
Northern Division,Bogura Region,Naogaon Area,Badalgacchi Branch
Northern Division,Bogura Region,Naogaon Area,Atrai Branch
Northern Division,Bogura Region,Naogaon Area,Mahadevpur Branch
Northern Division,Bogura Region,Joypurhat Area,Joypurhat Sadar Branch
Northern Division,Bogura Region,Joypurhat Area,Akkelpur Branch
Northern Division,Bogura Region,Joypurhat Area,Panchbibi Branch
Northern Division,Bogura Region,Joypurhat Area,Khetlal Branch
Northern Division,Bogura Region,Joypurhat Area,Kalai Branch
Northern Division,Kushtia Region,Kushtia Area,Kushtia Sadar Branch
Northern Division,Kushtia Region,Kushtia Area,Bheramara Branch
Northern Division,Kushtia Region,Kushtia Area,Mirpur Branch
Northern Division,Kushtia Region,Kushtia Area,Daulatpur Branch
Northern Division,Kushtia Region,Kushtia Area,Kumarkhali Branch
Northern Division,Kushtia Region,Meherpur Area,Meherpur Sadar Branch
Northern Division,Kushtia Region,Meherpur Area,Gangni Branch
Northern Division,Kushtia Region,Meherpur Area,Asmankhali Branch
Northern Division,Kushtia Region,Meherpur Area,Karpashdanga Branch
Northern Division,Kushtia Region,Meherpur Area,Bamundi Branch
Northern Division,Kushtia Region,Chuadanga Area,Darshana Branch
Northern Division,Kushtia Region,Chuadanga Area,Chuadanga Sadar Branch
Northern Division,Kushtia Region,Chuadanga Area,Alamdanga Branch
Northern Division,Kushtia Region,Chuadanga Area,Sarojganj Branch
Northern Division,Kushtia Region,Chuadanga Area,Jibannagar Branch
Eastern Division,Cumilla Region,Homna Area,Muradnagar Branch
Eastern Division,Cumilla Region,Homna Area,Meghna Branch
Eastern Division,Cumilla Region,Homna Area,Homna Branch
Eastern Division,Cumilla Region,Homna Area,Ramkrishnapur Branch
Eastern Division,Cumilla Region,Homna Area,Titas Branch
Eastern Division,Cumilla Region,Laksam Area,Laksam Branch
Eastern Division,Cumilla Region,Laksam Area,Nangalkot Branch
Eastern Division,Cumilla Region,Laksam Area,Barura Branch
Eastern Division,Cumilla Region,Laksam Area,Bizra Bazar Branch
Eastern Division,Cumilla Region,Cumilla Area,Debidwar Branch
Eastern Division,Cumilla Region,Cumilla Area,Chauddagram Branch
Eastern Division,Cumilla Region,Cumilla Area,Chandina Branch
Eastern Division,Cumilla Region,Cumilla Area,Cumilla Sadar Branch
Eastern Division,Cumilla Region,Cumilla Area,Burichang Branch
Eastern Division,Cumilla Region,Noakhali Area,Chatkhil Branch
Eastern Division,Cumilla Region,Noakhali Area,Sonaimuri Branch
Eastern Division,Cumilla Region,Noakhali Area,Noakhali Sadar Branch
Eastern Division,Cumilla Region,Noakhali Area,Kabirhat Branch
Eastern Division,Cumilla Region,Chandpur area,Haziganj Branch
Eastern Division,Cumilla Region,Chandpur area,Shahrasti Branch
Eastern Division,Cumilla Region,Chandpur area,Matlab Uttar Branch
Eastern Division,Cumilla Region,Chandpur area,Chandpur Sadar Branch
Eastern Division,Cumilla Region,Chandpur area,Kachua Branch
Eastern Division,Cumilla Region,Feni Area,Parshuram Branch
Eastern Division,Cumilla Region,Feni Area,Daganbhuiyan Branch
Eastern Division,Cumilla Region,Feni Area,Sonagazi Branch
Eastern Division,Cumilla Region,Feni Area,Feni Sadar Branch
Eastern Division,Cumilla Region,Feni Area,Chhagalnaiya Branch
Eastern Division,Cumilla Region,Lakshmipur,Haiderganj Branch
Eastern Division,Cumilla Region,Lakshmipur,Lakshmipur Sadar Branch
Eastern Division,Cumilla Region,Lakshmipur,Ramganj Branch
Eastern Division,Cumilla Region,Lakshmipur,Raipur Branch
Central East Division,Kishoregonj Region,Bajitpur Area,Bhairab Branch
Central East Division,Kishoregonj Region,Bajitpur Area,Kuliarchar Branch
Central East Division,Kishoregonj Region,Bajitpur Area,Bajitpur Branch
Central East Division,Kishoregonj Region,Bajitpur Area,Katiadi Branch
Central East Division,Kishoregonj Region,Bajitpur Area,Haor
Central East Division,Kishoregonj Region,Netrakona,Netrokona Sadar Branch
Central East Division,Kishoregonj Region,Netrakona,Shamganj Branch
Central East Division,Kishoregonj Region,Netrakona,Durgapur Branch
Central East Division,Kishoregonj Region,Netrakona,Mohanganj Branch
Central East Division,Kishoregonj Region,Netrakona,Thakurakona Branch
Central East Division,Kishoregonj Region,Kishoreganj,Pakundia Branch
Central East Division,Kishoregonj Region,Kishoreganj,Kishoreganj Sadar Branch
Central East Division,Kishoregonj Region,Kishoreganj,Hossenpur Branch
Central East Division,Kishoregonj Region,Kishoreganj,Nandail Branch
Eastern Division,Parbotto Chottogram Region,Khagrachhari Area,Khagrachhari Sadar Branch
Eastern Division,Parbotto Chottogram Region,Khagrachhari Area,Dighinala Branch
Eastern Division,Parbotto Chottogram Region,Khagrachhari Area,Panchhari Branch
Eastern Division,Parbotto Chottogram Region,Khagrachhari Area,Shantinagar Branch
Eastern Division,Parbotto Chottogram Region,Guimara Area,Mahalchhari Branch
Eastern Division,Parbotto Chottogram Region,Guimara Area,Matiranga Branch
Eastern Division,Parbotto Chottogram Region,Guimara Area,Manikchhari Branch
Eastern Division,Parbotto Chottogram Region,Guimara Area,Guimara Branch
Eastern Division,Parbotto Chottogram Region,Rangamati Area,Kaptai Branch
Eastern Division,Parbotto Chottogram Region,Rangamati Area,Rangamati Sadar Branch
Eastern Division,Parbotto Chottogram Region,Rangamati Area,Rangamati Mahila Branch
Eastern Division,Parbotto Chottogram Region,Rangamati Area,Banarupa Branch
Eastern Division,Parbotto Chottogram Region,Rangamati Area,Ranirhat Branch
Eastern Division,Parbotto Chottogram Region,Bhujpur Area,Ramgarh Branch
Eastern Division,Parbotto Chottogram Region,Bhujpur Area,Fatikchhari Branch
Eastern Division,Parbotto Chottogram Region,Bhujpur Area,Heyako Branch
Eastern Division,Parbotto Chottogram Region,Bhujpur Area,Bhujpur Branch
Eastern Division,Parbotto Chottogram Region,Bhujpur Area,Nazirhat Branch
Central East Division,Dhaka North Region,Gazipur Area,Kaliakair Branch
Central East Division,Dhaka North Region,Gazipur Area,Gazipur Sadar Branch
Central East Division,Dhaka North Region,Gazipur Area,Zirani Branch
Central East Division,Dhaka North Region,Gazipur Area,Mouchak Branch
Central East Division,Dhaka North Region,Gazipur Area,Shohagpur Branch
Central East Division,Dhaka North Region,Narsingdi Area,Kaliganj Branch
Central East Division,Dhaka North Region,Narsingdi Area,Danga Branch
Central East Division,Dhaka North Region,Narsingdi Area,Narsingdi Sadar Branch
Central East Division,Dhaka North Region,Narsingdi Area,Madhabdi Branch
Central East Division,Dhaka North Region,Narsingdi Area,Baburhat Branch
Central East Division,Dhaka North Region,Sreepur Area,Jangalia Branch
Central East Division,Dhaka North Region,Sreepur Area,Prahladpur Branch
Central East Division,Dhaka North Region,Sreepur Area,Barmi Branch
Central East Division,Dhaka North Region,Sreepur Area,Kapasia Branch
Central East Division,Dhaka North Region,Sreepur Area,Sreepur Branch
